{
  "accuracy": 0.46075,
  "precision": 0.5783700923399141,
  "recall": 0.46075,
  "f1_score": 0.47722944959738123,
  "roc_auc": 0.4965746629023903,
  "precision_normal": 0.6980781153130812,
  "recall_normal": 0.4027181688125894,
  "f1_normal": 0.5107734180086188,
  "precision_fraud": 0.3003770423125262,
  "recall_fraud": 0.595514950166113,
  "f1_fraud": 0.3993316624895572
}