{
  "accuracy": 0.4595,
  "precision": 0.5847251546230329,
  "recall": 0.4595,
  "f1_score": 0.47648985359419077,
  "roc_auc": 0.5031216408169533
}