{
  "loss": [
    0.7774346540444088,
    0.7149824687164196,
    0.7006373405456543,
    0.6957630645619691,
    0.69481861460818,
    0.6931481309180713,
    0.6940431982061289,
    0.6928654160812824,
    0.6937810822124899,
    0.6932104965196039,
    0.6926324310964042,
    0.6929211755738641,
    0.6926043786271645,
    0.6919187785935228,
    0.6924418123969196,
    0.6926181103191237,
    0.6919607341724591,
    0.6923760280121852,
    0.6920820953202074,
    0.6917443801886844
  ],
  "accuracy": [
    50.177142857142854,
    50.06,
    50.96857142857143,
    50.6,
    49.66285714285714,
    51.322857142857146,
    50.01714285714286,
    52.005714285714284,
    49.348571428571425,
    49.87428571428571,
    51.394285714285715,
    50.30571428571429,
    50.65714285714286,
    51.80285714285714,
    50.66285714285714,
    50.46,
    49.84571428571429,
    52.73714285714286,
    50.09142857142857,
    50.254285714285714
  ],
  "val_loss": [
    0.6959598213434219,
    0.6943051427602768,
    0.6951247751712799,
    0.6947319805622101,
    0.6945070862770081,
    0.6940152376890183,
    0.6942308604717254,
    0.6948528587818146,
    0.6940906643867493,
    0.6938040405511856,
    0.6943408578634263,
    0.6940196990966797,
    0.6947037816047669,
    0.6957132458686829,
    0.6945967257022858,
    0.6952251613140106,
    0.6951698958873749,
    0.6960939526557922,
    0.6948678135871887,
    0.6956131100654602
  ],
  "val_accuracy": [
    54.24,
    53.78,
    50.76,
    53.2,
    57.46,
    54.68,
    52.8,
    43.2,
    50.28,
    45.62,
    39.28,
    52.7,
    46.32,
    43.12,
    40.98,
    43.08,
    46.32,
    39.24,
    50.9,
    46.1
  ]
}